https://www.youtube.com/watch?v=_iiOEQOtBlQ, [REAL] Office Space
https://www.youtube.com/watch?v=qHrN5Mf5sgo, [REAL] The Office
https://www.youtube.com/watch?v=2xqkpP59UgM, [REAL] Seinfeld
https://www.youtube.com/watch?v=LLR0jg7Xu9M, [REAL] Conan
https://www.youtube.com/watch?v=8A_KcPBoruA, [REAL] Jim Gaffigan
https://www.youtube.com/watch?v=4kU0XCVey_U, [REAL] Full Metal Jacket "This is my Rifle"
https://www.youtube.com/watch?v=ZYFL6tcEhrI, [REAL] Natalie Friedman rapping
https://www.youtube.com/watch?v=dQw4w9WgXcQ, [REAL] Rick Astley "Never Gonna Give You Up" video
https://www.youtube.com/watch?v=F7o4oMKbStE, [REAL] SNL Complicit
https://www.youtube.com/watch?v=Cylt4QXHuaI, [REAL] H3H3 productions Ethan and Hila Klein baby reveal
https://www.youtube.com/watch?v=phwgt64oGMs, [REAL] AndrewSchrock baby montage.
https://www.youtube.com/watch?v=1hT7dQgCK2g, [REAL] Hot Fruit - Model 6 music video
https://www.youtube.com/watch?v=Tjp5OmoDYQM, [REAL] Footage From Inside No. 10 Downing Street satire video
https://www.youtube.com/watch?v=hOulcmOHCIQ, [REAL] SNL White House Tree Timming skit.
https://www.youtube.com/watch?v=hI14958GL0Q, [REAL] Donald Trump on Jimmy Fallon show.
https://www.youtube.com/watch?v=K_IR90FthXQ, [REAL] Donald Trump with George Stephanopoulos interview.
https://www.youtube.com/watch?v=_FLo14GMYos, [REAL] Young Donald Trump interviews.
https://www.youtube.com/watch?v=j_WDLsLnOSM, [REAL] Nicolas Cage discusses characters.
https://www.youtube.com/watch?v=0KRAX9HOcm0, [REAL] Nicolas Cage interview moments.
https://www.youtube.com/watch?v=toi9DBfZ4bs, [REAL] Various Nicolas Cage freakout moments in movies.
https://www.youtube.com/watch?v=eXXIxS2c_0o, [REAL] Jim Carey interview.
https://www.youtube.com/watch?v=TucyzpHDNlE, [REAL] Jim Carey excerpts from "Eastern Wisdom, Modern Life - The Images of Man"
https://www.youtube.com/watch?v=zIzScS_BWi8, [REAL] Jim Carey red carpet interview.
https://www.youtube.com/watch?v=EWOCnnkUoIk, [REAL] Kevin Hart standup comedy.
https://www.youtube.com/watch?v=XfOrJp8bKbE, [REAL] Kevin Hart on Jimmy Fallon show.
https://www.youtube.com/watch?v=SsobD5yTpy0, [REAL] Kevin Hart lie detector test.
https://www.youtube.com/watch?v=SEuxbFRYXJk, [REAL] Elon Musk short bio.
https://www.youtube.com/watch?v=MevKTPN4ozw, [REAL] Elon Musk interview.
https://www.youtube.com/watch?v=bnDjEQ4VdjI, [REAL] Elon Musk predictions.
https://www.youtube.com/watch?v=Sg1-veN4DdY, [REAL] Dwayne Johnson interview.
https://www.youtube.com/watch?v=CVuj6MqoVUo, [REAL] Dwayne Johnson talk in Oprah Master Class.
https://www.youtube.com/watch?v=Vi4k3cuwfgc, [REAL] Dwayne Johnson on Jimmy Kimmel show.
https://www.youtube.com/watch?v=0A-9m-4xlG4, [REAL] Dwayne Johnson red carpet interview.
https://www.youtube.com/watch?v=rOqUiXhECos, [REAL] Keanu Reeves answering fan questions while playing with puppies.
https://www.youtube.com/watch?v=JpiS1ZdurLc, [REAL] Keanu Reeves various excerpts.
https://www.youtube.com/watch?v=0DWap7pS7XM, [REAL] Keanu Reeves "You're breathtaking" moment.
https://www.youtube.com/watch?v=lcSyUKI2KeE, [REAL] Chris D'Elia comedy standup.
https://www.youtube.com/watch?v=cLPBs0ZBKuQ, [REAL] Chris D'Elia on Conan.
https://www.youtube.com/watch?v=Wv4jIGpBUIU, [REAL] Chris D'Elia on Seth Meyers show.
https://www.youtube.com/watch?v=1cUoza6HLjg, [REAL] Mike Tyson reporter moments.
https://www.youtube.com/watch?v=4vQw5i_JOW8, [REAL] Mike Tyson TV interview.
https://www.youtube.com/watch?v=11wLPPTYC30, [REAL] Mike Tyson on Oprah.
https://www.youtube.com/watch?v=XzpQ9XH54cY, [REAL] Joe Rogan talking about Disneyland fight.
https://www.youtube.com/watch?v=AAEEcgbN9aA, [REAL] Joe Rogan UFC announcer.
https://www.youtube.com/watch?v=_sDbFQb6ZYI, [REAL] Behind the scenes in The Joe Rogan Experience.
https://www.youtube.com/watch?v=-zKqNJLnGyE, [REAL] Joe Rogan on MeatEater.
https://www.youtube.com/watch?v=PRF3r3zUGqk, [REAL] Ben Shapiro BBC interview.
https://www.youtube.com/watch?v=yU2jxwptMWs, [REAL] Ben Shapiro interview on immigration.
https://www.youtube.com/watch?v=rE0Z2k6BJI0, [REAL] Ben Shapiro and Piers Morgan TV debate.
https://www.youtube.com/watch?v=azxO6OF69ls, [REAL] Tom Segura on Conan.
https://www.youtube.com/watch?v=jH7u63FSa8Y, [REAL] Tom Segura comedy standpoint.
https://www.youtube.com/watch?v=q7TJ5wgw6V8, [REAL] Tom Segura TV interview.
https://www.youtube.com/watch?v=kRGAfJkBsnM, [REAL] Kim Kardashian on James Corden show.
https://www.youtube.com/watch?v=SQFeEnMhJyc, [REAL] Kim Kardashian interview.
https://www.youtube.com/watch?v=aWrFppphs6w, [REAL] Denzel Washington acceptance speech.
https://www.youtube.com/watch?v=946awra4psE, [REAL] Denzel Washington on Jimmy Kimmel show.
https://www.youtube.com/watch?v=XIGWjzqKTp0, [REAL] Morgan Freeman roasting Denzel Washington.
https://www.youtube.com/watch?v=mLB937pCKZA, [REAL] Barack Obama jokes.
https://www.youtube.com/watch?v=qtsT3p5cyCk, [REAL] Julia Roberts talks about Denzel Washington.
https://www.youtube.com/watch?v=MFf_bGjnwvo, [REAL] Kit Harington talks about Jon Snow character.
https://www.youtube.com/watch?v=g9PEhwoVJ-A, [REAL] Drake and Lebron James discussion.
https://www.youtube.com/watch?v=mpmTVniHLso, [REAL] Drake interview.
https://www.youtube.com/watch?v=5WI6MHH7Y7I, [REAL] Robert Downey Jr on Jimmy Fallon show.
https://www.youtube.com/watch?v=9tihzyQJjeM, [REAL] Bobby Lee comedy standup.
https://www.youtube.com/watch?v=YiR-c-3wDv8, [REAL] Bobby Lee comedy bit.
https://www.youtube.com/watch?v=tK2_K1qdI64, [REAL] Bobby Lee response to Theo Von.
https://www.youtube.com/watch?v=ICX049fpB4E, [REAL] Bryan Callen answers Internet questions.
https://www.youtube.com/watch?v=PiDFL8tgn0Q, [REAL] Hillary Clinton on Jimmy Fallon.
https://www.youtube.com/watch?v=GWWjjlN2Unc, [REAL] Hillary Clinton interview.
https://www.youtube.com/watch?v=bvAovX3wCyk, [REAL] Bill Clinton interview about Hillary Clinton.
https://www.youtube.com/watch?v=UjmMzIkhAdU, [REAL] Bernie Sanders TV interview.
https://www.youtube.com/watch?v=aoWuTyzFTvQ, [REAL] Jackie Chan interview about restaurant.
https://www.youtube.com/watch?v=eBY0DLKQ-fQ, [REAL] Jackie Chan on Conan.
https://www.youtube.com/watch?v=LSXl9GCFrk0, [REAL] Jackie Chan "Rush Hour 2" interview.
https://www.youtube.com/watch?v=mDP7ik2wBzs, [REAL] Vladimir Putin interview with Oliver Stone.
https://www.youtube.com/watch?v=l44T2plLhRw, [REAL] Various Vladimir Putin interviews with CNBC.
https://www.youtube.com/watch?v=6426OZFzcvM, [REAL] Vladimir Putin interview on CBS.
https://www.youtube.com/watch?v=x-w3Jk5uyYc, [REAL] Barack Obama welcome speech.
https://www.youtube.com/watch?v=h6svIQ4oJ88, [REAL] Steve Harvey on his show.
https://www.youtube.com/watch?v=GaZQ5XWwJTA, [REAL] Joey Diaz comedy standup.
https://www.youtube.com/watch?v=3-2QPD6fyOc, [REAL] Joey Diaz on "My Name is Earl".
https://www.youtube.com/watch?v=Ah5MYGQBYRo, [REAL] PewDiePie ending subscription meme.
https://www.youtube.com/watch?v=pZ8g2AEaD9I, [REAL] George Soros interview by Bloomberg.
https://www.youtube.com/watch?v=ux-_UdJyzJo, [REAL] George Soros speech on Trump Administration.
https://www.youtube.com/watch?v=IsS8k1PQekQ, [REAL] Big Bang Theory with William Shatner.
https://www.youtube.com/watch?v=vMsqauDdY8k, [REAL] William Shatner on Meredith Vieira show.
https://www.youtube.com/watch?v=EQIkoeybyoU, [REAL] Seth Rogen on Conan.
https://www.youtube.com/watch?v=djhUjefUxgg, [REAL] Seth Rogen BBC interview.
https://www.youtube.com/watch?v=L3YWExof-eI, [REAL] Snoop Dogg on "The Ellen Show".
https://www.youtube.com/watch?v=jcVTImeEGqs, [REAL] Snoop Dogg on Jimmy Kimmel show.
https://www.youtube.com/watch?v=z9r4IWdxW1w, [REAL] Arnold Schwarzenegger on Jimmy Fallon show.
https://www.youtube.com/watch?v=g3krmPEF7Ds, [REAL] Arnold Schwarzenegger interview.
https://www.youtube.com/watch?v=bOJndrIrMQY, [REAL] Matt Damon and Jimmy Kimmel after Emmys loss
https://www.youtube.com/watch?v=stRtOHjh6lY, [REAL] Matt Damon on the "Graham Norton Show"
https://www.youtube.com/watch?v=c188vin4VbQ, [REAL] Tom Cruise on Conan
https://www.youtube.com/watch?v=YIm7KBIwy94, [REAL] Tom Cruise on the "Graham Norton Show"
https://www.youtube.com/watch?v=Il72uEjs4o0, [REAL] Rowan Atkinson on the "Graham Norton Show" talking about Mr. bean
https://www.youtube.com/watch?v=7-BD2L_4MBE, [REAL] School open day with Mr. bean
https://www.youtube.com/watch?v=g5HHZI_pe3w, [REAL] Bizarre moments from Donald Trump's CPAC speech
https://www.youtube.com/watch?v=EAvie_bn6z4, [REAL] Donald Trump speech on ICE raids
https://www.youtube.com/watch?v=QHs6eeM4f9s, [REAL] Ariana Grande looks over childhood photos
https://www.youtube.com/watch?v=2bMXOHqU4RY, [REAL] Ariana Grande on the "Ellen Show"
https://www.youtube.com/watch?v=iJM0KrPEYpk, [REAL] Pete Davidson on "Howard Stern Show"
https://www.youtube.com/watch?v=yYA_K5sEmkY, [REAL] Pete Davidson on SNL
https://www.youtube.com/watch?v=FLLAlNHhsfQ, [REAL] Melania Trump campaign speech
https://www.youtube.com/watch?v=zI9iZjdAXK8, [REAL] Melania Trump RNS speech excerpts
https://www.youtube.com/watch?v=Q7JC5dxTLjA, [REAL] Sandra Bullock Talks Reuniting With Keanu Reeves for More 'Speed' (Exclusive).
https://www.youtube.com/watch?v=Ex403ii_Bhs, [REAL] Always Be My Maybe Dinner Scene ft. Keanu Reeves.
https://www.youtube.com/watch?v=aMgWfOT_sQI, [REAL] Keanu Reeves on Turning 50.
https://www.youtube.com/watch?v=ROeadOshACA, [REAL] Will Ferrell & Mark Wahlberg Insult Each Other.
https://www.youtube.com/watch?v=aUNZdrRVJl8, [REAL] Keanu Reeves' Sex Scene with Eli Roth's Wife.
https://www.youtube.com/watch?v=C9oAYoU5goo, [REAL] Marvel Wants Keanu Reeves.
https://www.youtube.com/watch?v=NyhZGfx_pfo, [REAL] Tom Hanks' Wife Loved His Butt in Forrest Gump - The Graham Norton Show.
https://www.youtube.com/watch?v=mZTDt7lKAG0, [REAL] Tom Hanks and Tim Allen explore Toy Story Land | GMA.
https://www.youtube.com/watch?v=SfYt6Y6vrOI, [REAL] Rob Reiner's hilarious Andre the Giant story - SI Now | Sports Illustrated.
https://www.youtube.com/watch?v=Zbz5cRXS2Mk, [REAL] Sylvester Stallone Hated Arnold Schwarzenegger.
https://www.youtube.com/watch?v=E-PIidaqCyU, [REAL] Throw Me a Frickin' Bone Here Scene - Austin Powers: International Man of Mystery Movie.
https://www.youtube.com/watch?v=LwRIef7sM0I, [REAL] 'I Wrote the Damn Bill:' Bernie Sanders Fights Back on Health Care.
https://www.youtube.com/watch?v=xpyrefzvTpI, [REAL] Leonardo DiCaprio winning Best Actor.
https://www.youtube.com/watch?v=B7asIohcIBs, [REAL] Can You Guess Which Part of Cardi B's Body Her Baby Broke?
https://www.youtube.com/watch?v=d2eaUyO7y9U, [REAL] Reality Star Cardi B on Making Friends and Meeting Men on Instagram.
https://www.youtube.com/watch?v=ug02cqP69V4, [REAL] Larry David Is OK With Women Who Only Love Fame - CONAN on TBS.
https://www.youtube.com/watch?v=_NKXqc5vAN8, [REAL] Natalie Portman Guesses Her Old Interview Answers.
https://www.youtube.com/watch?v=dLTJxyqxWF4, [REAL] Hollywood actress Natalie Portman rightly calls Israel's Nation-State Law racist.
https://www.youtube.com/watch?v=57af6Vcjw3Y, [REAL] Extended Interview: Ted Cruz & Lester Holt.
https://www.youtube.com/watch?v=EyppxUfMdDg, [REAL] Snoop Dogg Got Matthew McConaughey High.
https://www.youtube.com/watch?v=9RRHKfo7qF4, [REAL] Anne Hathaway Does Matthew McConaughey Impression.
https://www.youtube.com/watch?v=O0BduqxmEqA, [REAL] The Origin Of Matthew McConaughey's 'Alright, Alright, Alright'.
https://www.youtube.com/watch?v=-H1kS2MKqug, [REAL] Britt Robertson & Scott Eastwood Interview - The Longest Ride.
https://www.youtube.com/watch?v=CU8qwXYH83c, [REAL] Emily Blunt Tells the Story of How She Met John Krasinski.
https://www.youtube.com/watch?v=VY76zA_oWVU, [REAL] Ryan Reynolds Reveals His Deadpool Training Secret.
https://www.youtube.com/watch?v=sZXyIazQbk8, [REAL] ‘No question’: Ocasio-Cortez calls Trump a racist in ’60 Minutes’ interview.
https://www.youtube.com/watch?v=fSLoiKh69fc, [REAL] Alexandria Ocasio-Cortez Contemplates What's Next.
https://www.youtube.com/watch?v=MgCXAQQB-aQ, [REAL] Bruce Willis Odd BBC Interview.
https://www.youtube.com/watch?v=xodggwCrYV4, [REAL] Joseph Gordon-Levitt On Playing A Young Bruce Willis.
https://www.youtube.com/watch?v=Qp25FOn37nA, [REAL] Jerry Seinfeld & Cardi B: Between Two Ferns With Zach Galifianakis.
https://www.youtube.com/watch?v=O9YL04v-J5U, [REAL] Bill Burr Doesn't Buy Oprah's Holier-Than-Thou Lance Armstrong Interview.
https://www.youtube.com/watch?v=eTUMXeRwm7A, [REAL] If Job Interviews Were Honest.
https://www.youtube.com/watch?v=zRAFNSgk1Ns, [REAL] NME Interviews Lana Del Rey.
https://www.youtube.com/watch?v=UnW3xkHxIEQ, [REAL] President Barack Obama: Between Two Ferns with Zach Galifianakis.
https://www.youtube.com/watch?v=8eu7z_yCbvE, [REAL] Parent Teacher Interviews.
https://www.youtube.com/watch?v=6E4TOHGO0Ms, [REAL] British Stars on Which American Accent Is Hardest to Do.
https://www.youtube.com/watch?v=-L3Uvi9vBhw, [REAL] Celebrities Read Texts from Their Moms.
https://www.youtube.com/watch?v=6dtq5YVdeDY, [REAL] Mark Wahlberg speaks german - Interview Transformers 4.
https://www.youtube.com/watch?v=cqcrEy_8zQw, [REAL] Learn English with Britney Spears Interview.
https://www.youtube.com/watch?v=HPltRJUrZ5Q, [REAL] The Aussie-Filipino Challenge with Lauren Reid.
https://www.youtube.com/watch?v=DS90iufRIzM, [REAL] Kevin Hart & Ice Cube Take The BFF Test.
https://www.youtube.com/watch?v=h0uJu4zkHdU, [REAL] The Great Celebrity Bake Off Traumatized John Lithgow.
https://www.youtube.com/watch?v=KulrI3ASucw, [REAL] G-Eazy Talks 'Him & I' & Being Obsessed w/ Halsey | MTV News.
https://www.youtube.com/watch?v=DwjXBTIuv7M, [REAL] Derek Jeter Won't Admit Jimmy Won His Celeb Golf Tournament.
https://www.youtube.com/watch?v=tzdYxxX15hY, [REAL] Why Kiefer Sutherland Decided Not To Give Up Alcohol.
https://www.youtube.com/watch?v=7uuaK7Crne0, [REAL] Abhishek Bachchan & Sarah Jane Dias - Game Film Promotion - Bollywood Celeb Interviews.
https://www.youtube.com/watch?v=zwPZZLnkDvE, [REAL] Emotional Interview with Jonah Hill.
https://www.youtube.com/watch?v=xryZ6DqNZqI, [REAL] How Alicia Silverstone Maintains A Strict Vegan Diet For Her Son.
https://www.youtube.com/watch?v=V6q68JTGjh4, [REAL] Emotional Interview with Vince Vaughn.
https://www.youtube.com/watch?v=IB_ClMbS0Is, [REAL] Halle Berry Reveals Her Diet & Workout Regimen For Thriving At 50.
https://www.youtube.com/watch?v=D_xKcLiGzRQ, [REAL] Noah Centineo Tells Us About His First Times.
https://www.youtube.com/watch?v=YTkyjFnJqjQ, [REAL] Exclusive DOLLY Interview with Taylor Henderson.
https://www.youtube.com/watch?v=jM4Step_EXE, [REAL] Vin Diesel Says I Am Groot in Multiple Languages.
https://www.youtube.com/watch?v=pM21uQR6G_Q, [REAL] PewDiePie Teaches Stephen Some Swedish Curse Words.
https://www.youtube.com/watch?v=d5lZN3F24Kk, [REAL] Bill Hader Shares His First Time Getting High.
https://www.youtube.com/watch?v=RIneZ-s14_Q, [REAL] Miley Cyrus Turned Vegan for Her Intelligent Blowfish and Pig.
https://www.youtube.com/watch?v=M6z8RC4f_1o, [REAL] Kim Kardashian Talks About Cristiano Ronaldo.
https://www.youtube.com/watch?v=HxZoIVvS7jQ, [REAL] John Krasinski Plays Never Have I Ever.
https://www.youtube.com/watch?v=GcJ9fj3-3TI, [REAL] One Direction React to DOLLY Covers.
https://www.youtube.com/watch?v=xgxwLQsM0iM, [REAL] Alan Rickman Takes Jimmy to Task for His Impersonation.
https://www.youtube.com/watch?v=P_sUhTWtvG4, [REAL] Hugh Jackman Shows Jimmy How to Really Eat Vegemite.
https://www.youtube.com/watch?v=qF_gmNGFQYw, [REAL] Brad Pitt: "Yes, me and Leonardo DiCaprio are Lovers!"
